{
    "mean": [
        0.4179866909980774,
        0.5514695048332214,
        0.39325132966041565
    ],
    "std": [
        0.1713303178548813,
        0.17433880269527435,
        0.1821652203798294
    ]
}